,quality
7053,1
2269,0
2342,0
6401,1
3087,0
4341,1
5148,0
2246,0
1644,0
4379,0
6440,1
7162,1
5640,1
8289,1
6555,1
6022,1
2279,1
8595,1
552,0
6796,1
4268,0
3596,0
2980,0
5954,1
2571,1
1825,0
4757,0
6681,1
6789,1
4946,0
2752,0
6008,1
6960,1
2787,0
3537,0
477,0
1446,0
8262,1
3844,0
783,1
594,0
1929,0
5791,1
5870,1
8010,1
3477,0
5590,1
4552,0
6727,1
1370,1
6041,1
4508,0
2889,0
7007,1
2615,0
2413,1
1404,1
2097,0
1589,0
2816,0
1091,0
5782,1
3901,1
4368,0
7729,1
8533,1
6966,1
518,0
7801,1
6950,1
1772,0
2140,0
1906,0
6754,1
5997,1
3460,0
5005,0
5633,1
7588,1
7251,1
4901,0
2111,0
4091,0
1796,0
1109,0
7447,1
4342,1
2932,1
8016,1
4661,0
3779,0
890,0
4122,1
5721,1
5386,1
8029,1
7927,1
5723,1
6820,1
5689,1
4045,0
8318,1
4965,0
374,0
8341,1
7573,1
8389,1
7193,1
8237,1
11,0
6875,1
7943,1
271,0
2007,1
1254,0
3932,0
8613,1
2595,1
8449,1
7085,1
1074,0
1085,0
3898,0
8397,1
2040,0
6860,1
629,0
746,0
7558,1
1917,0
5520,1
4214,0
7260,1
4539,0
4511,0
6530,1
5104,1
6995,1
7881,1
4023,0
7893,1
5292,0
1518,0
5508,1
5053,0
418,0
5050,0
1483,0
5784,1
4296,1
5589,1
2706,0
5701,1
4348,0
3461,0
6021,1
2334,0
3010,1
1734,0
5658,1
4810,0
6152,1
2743,0
3732,0
1778,0
5922,1
5565,1
4481,0
557,0
2086,0
4438,0
8056,1
6663,1
6324,1
3321,0
3513,0
6228,1
4129,1
1211,0
6500,1
7586,1
7415,1
2095,0
7592,1
5556,1
3729,0
1472,0
4185,0
5261,0
1352,0
5398,1
6109,1
3994,0
891,0
993,0
2123,0
4941,0
6646,1
6575,1
471,0
437,1
5469,1
4735,0
289,0
774,1
5291,0
3972,0
2335,0
498,0
7642,1
4172,0
1090,1
1577,0
4922,0
701,0
6702,1
7704,1
7632,1
1981,1
8485,1
382,0
1457,0
3272,1
1123,0
3438,0
264,0
6751,1
6448,1
3803,0
7797,1
5100,0
6577,1
2582,0
3354,0
2276,1
4213,1
2688,0
290,1
583,0
2180,1
7559,1
653,0
8116,1
4462,0
3385,0
5190,0
7854,1
5777,1
6374,1
3721,1
2075,1
4792,0
6045,1
3044,0
4363,0
1626,0
1171,0
3340,0
6023,1
3575,0
8315,1
1988,0
6186,1
5595,1
7326,1
1732,1
5052,0
231,0
6615,1
3485,0
2028,0
3408,0
6414,1
116,1
1591,0
7876,1
6326,1
633,0
1369,0
1172,0
5123,1
8388,1
3922,0
7589,1
440,1
7125,1
8561,1
4075,0
8125,1
3828,0
8371,1
4289,0
396,0
3706,0
215,0
742,0
1115,0
59,0
898,0
4452,0
4871,0
6435,1
8248,1
68,0
5244,0
758,0
2727,0
3329,0
7104,1
1613,0
4728,1
2273,1
6290,1
1405,0
14,1
6492,1
7605,1
4295,1
1708,0
171,0
6574,1
5423,1
2183,0
8054,1
5678,1
4699,0
1984,0
963,0
4364,1
1500,0
4838,1
5643,1
3034,0
8112,1
2771,0
5892,1
7141,1
1620,0
6761,1
5128,0
4458,0
1964,1
6983,1
4475,0
3629,0
6337,1
3202,1
2943,0
5860,1
6633,1
3506,0
3077,0
8332,1
2252,0
1242,0
4742,0
7008,1
3769,1
941,1
6965,1
1611,0
3556,1
1800,0
8372,1
1762,0
6387,1
6542,1
5355,1
972,0
3493,0
4603,0
1318,0
6984,1
5435,1
4357,0
4114,1
5545,1
6418,1
5769,1
5797,1
2516,0
2126,1
684,0
4284,1
8419,1
718,0
5572,1
6053,1
5752,1
2364,1
5831,1
6381,1
775,0
224,0
2464,0
3104,0
7188,1
1490,0
3227,0
867,0
3746,1
3249,0
3874,0
427,1
882,1
2196,0
2482,0
3879,0
8605,1
5044,1
7877,1
3536,0
1488,0
3194,0
3397,0
4358,0
5968,1
3698,1
3745,1
4264,0
1791,0
2426,0
2125,0
902,0
6458,1
4112,0
6585,1
7259,1
4477,1
1179,0
3593,0
5560,1
7572,1
1430,0
3740,0
3294,0
4649,0
551,0
4404,0
3009,0
7414,1
4805,0
8093,1
3134,0
8603,1
3045,1
6306,1
3415,0
8409,1
4026,0
4192,0
3345,0
7131,1
5842,1
43,0
2746,1
1185,0
3400,0
5113,1
8215,1
2648,0
4096,0
3597,0
6462,1
4767,0
4809,1
7349,1
916,0
3801,1
2719,1
5734,1
4553,0
997,0
2833,0
4771,0
2567,0
8086,1
5591,1
8263,1
2765,0
7798,1
7959,1
2883,0
5848,1
2664,0
5813,1
4253,1
3514,1
6929,1
8400,1
8060,1
7756,1
6811,1
2439,0
3488,0
2970,0
4759,0
6594,1
5083,0
7158,1
3114,0
7506,1
1336,0
1674,0
3181,0
4190,1
5068,0
8277,1
693,1
2873,0
1635,0
8572,1
1355,0
1863,0
6310,1
1520,1
112,0
411,0
8210,1
7817,1
2681,0
6399,1
5886,1
849,0
5539,1
8166,1
6379,1
5420,1
6624,1
4769,1
2299,0
7760,1
132,0
8565,1
4204,1
7512,1
2773,0
4194,0
3655,0
2148,0
8337,1
3521,0
3906,0
8445,1
4222,0
6134,1
7981,1
5453,1
4181,0
1952,0
4086,1
2573,0
547,0
7762,1
7461,1
163,0
7955,1
6708,1
1189,0
4011,0
8573,1
1727,0
1316,0
822,0
8524,1
1461,0
4682,1
3564,0
2897,0
8593,1
7524,1
7240,1
7490,1
6350,1
7612,1
1793,0
5707,1
5175,0
4680,0
5872,1
3468,0
3830,1
5737,1
7842,1
7656,1
3920,0
5764,1
815,0
1661,0
4652,1
5023,0
4208,1
4725,1
7100,1
315,0
606,0
6676,1
2678,0
896,0
668,0
8107,1
3410,0
6993,1
1650,0
7386,1
2559,0
6790,1
1247,0
6866,1
626,0
8336,1
1915,0
559,0
8517,1
225,0
3319,0
8607,1
1043,0
6156,1
339,0
235,1
2637,1
4063,1
2968,0
5101,0
5744,1
8117,1
2986,0
1719,1
8367,1
2590,0
5783,1
2011,0
3379,0
7091,1
8171,1
160,0
110,0
7895,1
4519,0
563,0
3085,0
7206,1
2045,0
680,0
630,0
4568,0
755,0
409,0
4029,0
7610,1
934,1
2828,0
4061,0
7851,1
3720,0
5086,1
7428,1
6553,1
7385,1
3139,0
8052,1
503,0
2156,0
6825,1
2109,0
915,1
2363,0
6171,1
6487,1
4239,0
8483,1
1221,1
371,1
6882,1
3023,0
2063,1
1867,0
5232,1
6080,1
7502,1
735,0
8453,1
255,0
2474,0
4367,0
6814,1
6280,1
4906,0
8251,1
5969,1
729,0
3763,0
1313,0
4925,0
3571,0
6595,1
5817,1
8167,1
5192,1
1775,0
5609,1
5804,1
380,0
7499,1
730,0
7170,1
2332,0
7743,1
3263,0
2310,0
6503,1
2108,0
6018,1
7365,1
2366,0
5898,1
6586,1
8118,1
1375,1
2083,1
3029,0
578,0
4514,0
824,1
7159,1
5680,1
8375,1
2009,1
226,0
146,0
8322,1
8085,1
6660,1
5946,1
722,1
1125,0
5854,1
434,1
3718,0
365,0
6735,1
335,0
4854,0
2767,1
1458,0
852,1
5287,0
1640,0
6415,1
2674,0
4565,1
7631,1
1266,0
4020,0
5836,1
7775,1
6083,1
8390,1
977,0
4042,1
5077,0
7161,1
6779,1
8401,1
3120,0
2487,0
8451,1
7979,1
8459,1
7392,1
3289,0
847,0
2795,0
5665,1
7884,1
5281,0
910,0
1459,0
4624,1
2759,0
7022,1
3991,0
5911,1
162,0
2077,1
1489,0
4616,0
2484,0
5974,1
5389,1
814,0
5626,1
6242,1
1365,0
2373,0
4625,0
5979,1
7684,1
2424,0
4668,1
2371,0
2538,0
4469,0
4696,0
5901,1
4634,1
129,0
7178,1
8323,1
4082,0
1400,0
7219,1
655,0
124,0
2317,0
4937,0
576,0
1999,1
5623,1
4263,0
8253,1
4141,0
3160,0
1765,0
3107,0
3552,0
8211,1
5144,0
2995,0
7654,1
4848,0
5065,0
3520,0
1112,0
6160,1
5512,1
6911,1
2661,0
3192,1
6543,1
343,0
862,0
4913,0
4260,0
403,0
2756,0
3338,0
2189,1
2149,0
1794,0
5897,1
6759,1
6469,1
7432,1
2070,0
8128,1
4998,0
6785,1
513,0
7693,1
2673,0
3042,0
2606,0
2564,0
3043,0
7714,1
4559,1
4629,0
1916,0
5929,1
5164,0
4780,0
8226,1
2711,0
7342,1
5629,1
8291,1
8246,1
2952,0
928,0
5262,0
1340,0
7595,1
5928,1
4400,0
6561,1
2319,0
8338,1
4722,0
3074,0
7142,1
4528,1
4990,0
2823,0
464,0
115,0
2807,0
3191,0
2030,1
2204,0
5456,1
3793,0
237,0
3336,0
685,0
6004,1
48,0
72,0
3859,0
5203,1
7312,1
61,0
1798,0
8104,1
28,0
7302,1
1035,0
2896,0
58,1
4726,0
1848,1
45,0
7221,1
2556,0
4459,0
743,0
2519,0
614,0
8377,1
8234,1
2619,1
4084,0
3999,1
7179,1
6977,1
1097,0
1868,1
4319,0
7935,1
211,0
1576,0
1544,0
8119,1
4750,0
4763,0
6009,1
4374,0
4914,0
4962,0
1204,0
523,0
2796,0
5194,0
5825,1
2576,0
4121,0
3130,0
4056,0
7191,1
558,1
6618,1
4457,0
2026,0
7548,1
2835,0
1513,0
1137,0
2048,0
263,0
4316,1
5942,1
6952,1
3372,0
7616,1
3033,0
5277,0
919,0
1065,0
8346,1
3605,1
3856,0
8427,1
4251,0
7303,1
3032,0
2735,1
5047,0
1893,0
406,0
3535,0
7855,1
3643,0
7879,1
4663,0
3416,0
5582,1
3324,0
7411,1
647,0
7885,1
5861,1
2102,1
3980,1
102,0
3817,1
1325,0
712,0
131,0
5131,1
3810,0
7308,1
1882,0
6697,1
1388,0
2977,0
2306,0
5349,1
6710,1
532,0
7803,1
8247,1
7776,1
7273,1
3231,0
8158,1
1161,0
3409,0
4620,0
7549,1
98,0
4849,0
1386,0
1623,0
65,0
3673,1
7278,1
6221,1
5488,1
3644,1
5022,0
4024,1
2211,0
1201,1
7933,1
4497,0
5155,0
5080,0
6286,1
3390,0
2776,0
7066,1
524,0
5939,1
681,0
7293,1
8588,1
8114,1
1027,1
6265,1
770,1
3113,0
2740,0
5511,1
4076,1
95,0
5760,1
2695,0
5893,1
3248,0
7822,1
2589,0
5909,1
4304,0
7127,1
642,0
10,0
8597,1
8380,1
7311,1
8283,1
7628,1
554,1
7781,1
3417,1
6523,1
6231,1
2415,1
6652,1
7680,1
279,0
5227,1
500,0
1741,0
918,1
3105,0
8612,1
2750,1
671,0
2247,0
3352,0
7581,1
5888,1
2025,0
6366,1
358,0
4721,0
8581,1
8493,1
4127,0
1879,0
5458,1
5186,0
3710,0
1050,0
134,0
3984,1
6748,1
2359,0
5110,0
1871,0
5657,1
218,0
6576,1
4653,0
4796,0
197,0
1055,0
7988,1
6486,1
6253,1
3001,0
5748,1
4388,0
3766,0
2510,1
7065,1
4362,1
3508,0
6169,1
1660,0
3124,0
6054,1
6845,1
3098,0
2166,1
304,0
6135,1
5800,1
6916,1
7899,1
6315,1
804,1
3802,0
1537,0
7915,1
6277,1
8546,1
6996,1
4541,1
4542,0
8134,1
4582,0
5021,0
2300,0
6927,1
4948,0
3154,0
756,0
2144,0
2895,0
8488,1
597,0
3908,0
4585,0
4037,0
1533,0
7570,1
787,0
5878,1
8460,1
3256,0
1707,0
6317,1
6170,1
6905,1
2238,0
3792,0
1453,0
4068,0
1890,1
8566,1
30,0
46,0
4732,0
7016,1
3341,0
4483,0
5092,1
4818,0
7168,1
81,0
4399,0
7290,1
4384,0
3238,0
8461,1
7421,1
7898,1
2382,0
4426,0
5430,1
8214,1
4572,0
1889,0
8537,1
5549,1
7808,1
4244,0
2857,0
6201,1
689,1
3502,0
6441,1
4027,1
5115,1
7267,1
6818,1
7611,1
6554,1
67,0
1665,0
3782,0
7685,1
6007,1
6103,1
875,0
1121,0
410,0
379,0
4100,0
8333,1
3180,0
2254,1
4865,0
5600,1
1671,0
6453,1
5843,1
6765,1
2288,0
2351,0
726,0
319,1
7195,1
1880,0
5532,1
1310,0
4111,0
6655,1
2259,0
6187,1
5063,1
3734,0
3377,0
4468,1
6234,1
4003,0
6896,1
3699,0
745,0
2325,0
1676,0
8279,1
3884,0
2547,0
7269,1
2120,0
8583,1
2881,0
443,0
298,0
7318,1
1469,0
2384,0
15,0
5522,1
2333,0
2498,1
1974,0
4281,0
2766,0
3216,0
618,0
1659,1
5710,1
2821,0
6817,1
184,0
4826,0
2098,1
4366,1
555,0
4899,0
4109,0
989,0
7541,1
5431,1
7518,1
1308,0
3890,0
1621,1
7910,1
7473,1
491,0
1206,0
1451,0
3918,1
6352,1
5285,0
7517,1
6699,1
5962,1
3517,0
5801,1
4678,0
3100,0
4707,1
2903,0
6197,1
4764,0
1767,0
2253,0
220,0
79,0
6909,1
8450,1
8120,1
6371,1
6176,1
8369,1
6720,1
7338,1
1073,0
6300,1
4081,0
4157,0
1207,0
5449,1
159,0
6498,1
3260,0
2119,0
8222,1
165,0
4672,0
7380,1
2318,0
4103,0
973,0
5829,1
4460,0
3312,0
33,0
2115,0
5851,1
7555,1
7430,1
2227,0
257,0
5479,1
4532,0
2355,1
1502,0
2079,0
4302,0
2493,0
5956,1
2073,1
1240,0
3836,0
5548,1
5869,1
7395,1
7434,1
1105,0
6533,1
1164,0
8476,1
5803,1
1619,1
2826,0
1394,0
1704,0
7046,1
7184,1
1186,1
4571,0
1290,0
1263,0
4893,0
2803,0
2728,0
1859,0
3335,0
193,0
8075,1
2861,0
2663,0
5333,1
7115,1
7418,1
2167,0
4512,0
3374,0
7738,1
5091,0
8174,1
3164,0
4775,0
4643,0
4762,0
5649,1
3594,0
1774,0
7807,1
6559,1
511,1
1302,1
2985,1
5256,0
2937,0
245,1
944,0
8080,1
4670,0
2039,0
5521,1
6129,1
3747,0
4146,0
7463,1
5906,1
1416,1
7649,1
4949,0
2798,0
7034,1
3525,0
6089,1
4751,0
8095,1
2614,0
7769,1
616,0
3019,0
2585,0
2398,1
7181,1
5524,1
1945,0
5567,1
7413,1
8489,1
5933,1
7353,1
417,0
7964,1
5167,0
3659,0
2690,0
6028,1
8480,1
2724,0
138,0
3662,1
2445,1
4530,1
457,0
768,0
1617,0
595,0
7617,1
1449,0
6247,1
589,0
19,0
2601,0
5028,0
3735,1
4424,0
7832,1
4639,0
5866,1
3586,0
6906,1
2431,1
641,0
301,1
766,0
6558,1
4499,0
198,0
8183,1
1300,0
1599,0
1583,0
5526,1
2420,0
6304,1
3679,0
2542,1
2327,0
4741,0
7773,1
1667,0
247,0
603,0
3346,1
4736,0
398,0
654,0
1615,0
5725,1
3404,0
462,0
3456,1
8043,1
6856,1
4927,0
2659,0
665,0
6467,1
7678,1
6341,1
2232,0
5702,1
6928,1
3221,0
1975,0
360,0
327,0
35,0
8303,1
2155,0
3618,1
843,0
988,0
8038,1
4659,0
1411,0
8022,1
7504,1
5709,1
5480,1
2488,1
5247,0
5170,0
927,1
2036,0
2990,0
5577,1
5324,1
6918,1
2948,0
36,0
2283,0
2060,1
1997,0
1260,0
7202,1
4255,0
5180,0
6967,1
6568,1
7470,1
3145,0
3723,0
841,0
7839,1
7930,1
4537,0
333,0
2611,0
3777,0
388,0
5704,1
4673,0
7361,1
7663,1
2820,0
3464,1
6749,1
5300,0
1371,0
353,0
7784,1
2704,0
7079,1
1683,1
7718,1
1229,1
7968,1
711,0
5757,1
4440,0
2502,0
1504,0
2957,0
3475,0
5605,1
8316,1
6030,1
6159,1
6696,1
7292,1
4969,0
8503,1
8190,1
2150,1
897,1
5726,1
2768,0
3613,1
1182,0
5375,1
5795,1
4953,0
709,0
7362,1
5219,1
6664,1
1873,0
2274,0
4228,0
6235,1
1499,1
3307,0
6011,1
7466,1
1424,1
1886,0
3323,0
6097,1
3822,1
4886,0
1907,0
3757,0
1532,0
3855,0
7948,1
1219,0
5611,1
7821,1
777,0
6166,1
780,0
5125,0
3863,0
4353,0
7138,1
6258,1
2671,1
3012,1
4414,0
261,0
1084,0
1025,1
591,0
5990,1
2642,0
44,0
4964,0
6496,1
6968,1
3308,0
831,1
7553,1
2441,0
5537,1
1860,1
5253,0
3608,0
8420,1
1045,0
3758,0
8469,1
1685,0
6207,1
2782,0
3624,1
1780,0
5698,1
3891,1
5667,1
1579,0
6261,1
596,0
242,1
5683,1
2390,1
2591,0
6276,1
4999,0
4709,0
734,0
1643,0
1998,1
3529,1
4066,1
4734,1
900,0
77,0
5552,1
2689,0
6834,1
5209,0
2354,0
8384,1
842,0
2153,1
8094,1
119,0
8186,1
4370,1
7705,1
7055,1
7513,1
92,0
2753,0
4800,0
1473,0
3015,0
4819,0
2231,0
2015,0
2850,1
7791,1
3484,0
8217,1
4000,0
7218,1
4987,0
509,0
4031,0
586,0
5330,1
347,0
50,0
2343,1
4377,0
1436,0
8001,1
3872,0
1725,0
4617,0
6408,1
6006,1
2732,0
6245,1
2763,0
7896,1
696,1
5145,1
2013,0
5839,1
7250,1
807,1
1574,1
1962,0
6907,1
8156,1
5959,1
2613,0
405,0
5130,0
2577,0
7991,1
5733,1
5444,1
5457,1
8109,1
1039,0
3430,0
5228,0
6579,1
1243,1
189,0
5152,0
8146,1
2554,0
3000,0
5910,1
8314,1
1003,0
5387,1
6349,1
929,0
1642,0
7369,1
8408,1
6255,1
187,0
6069,1
6920,1
8271,1
5822,1
5279,0
8472,1
3363,0
5084,0
5673,1
2114,1
2377,0
6357,1
5374,1
5738,1
7451,1
3738,0
6889,1
2761,0
6985,1
5528,1
2348,0
1501,0
3824,0
8574,1
3269,0
3619,0
8150,1
3873,0
7225,1
6157,1
1714,0
7078,1
1479,0
2461,1
2370,0
3995,0
5383,1
1312,1
4062,0
425,0
463,0
6432,1
3833,0
1432,0
4476,0
8000,1
1630,0
2001,0
2551,0
3960,1
6063,1
1588,0
4338,0
3773,1
2824,0
7860,1
1139,0
5513,1
1259,0
4025,0
7103,1
5833,1
990,1
7891,1
7615,1
2864,0
5485,1
5150,1
5670,1
6743,1
4907,1
6713,1
6482,1
8349,1
8264,1
1166,0
2760,0
3588,0
6941,1
3350,0
5834,1
1807,0
4249,0
7986,1
1094,0
4287,1
853,1
3428,0
6674,1
5394,1
2579,0
5161,0
118,0
8218,1
5669,1
6870,1
5351,1
7859,1
7833,1
4740,0
3568,0
2217,0
6528,1
84,0
6521,1
208,0
6327,1
2885,0
7323,1
6219,1
323,1
202,0
6215,1
6411,1
7727,1
1152,0
1037,0
5963,1
6642,1
3362,0
5407,1
485,0
3376,0
8374,1
1519,0
3222,1
3857,0
5538,1
637,0
838,0
3268,0
4842,0
553,0
5523,1
2035,0
7357,1
8496,1
7220,1
7625,1
969,0
3399,0
7961,1
4957,0
8014,1
7583,1
5730,1
1810,0
7015,1
3964,0
8040,1
5802,1
3974,1
8083,1
6510,1
3282,0
4427,0
3125,0
63,0
2465,0
1106,0
3955,1
7019,1
939,0
8475,1
5855,1
7332,1
556,0
6072,1
6042,1
3348,0
7139,1
1747,0
5920,1
2215,0
6590,1
357,0
2242,0
6949,1
7216,1
4138,0
7665,1
7319,1
4548,0
7040,1
6551,1
3382,0
5249,0
5452,1
4088,1
6608,1
3694,1
2792,0
6758,1
4827,0
7033,1
4717,1
648,0
6212,1
3071,1
6035,1
6108,1
2998,1
1936,0
4640,1
3117,0
7472,1
6746,1
1148,0
6925,1
4940,1
428,0
7145,1
2133,1
1122,0
6961,1
7379,1
7381,1
6772,1
2754,0
8207,1
7334,1
8037,1
6605,1
3347,0
6024,1
1573,0
7872,1
1651,0
1552,0
7475,1
8373,1
3110,0
6362,1
25,0
1726,1
5763,1
8177,1
1463,0
80,0
8135,1
6136,1
3876,1
5352,1
7148,1
7538,1
210,0
7116,1
385,1
7644,1
2401,0
3056,0
1564,0
7819,1
7816,1
5142,0
727,0
525,0
7934,1
5917,1
2376,0
6236,1
8144,1
2594,0
6264,1
5090,0
2939,0
7942,1
4107,0
6436,1
7965,1
6256,1
1607,0
3036,0
6534,1
8180,1
3179,0
805,1
3827,1
2737,0
920,1
6218,1
5282,0
885,0
5409,1
8580,1
590,0
8321,1
6799,1
3883,0
2931,0
1991,0
4303,1
1038,0
5007,0
1062,0
7811,1
8202,1
7614,1
1017,1
1783,1
6741,1
5927,1
621,0
2785,0
1764,0
8506,1
6691,1
6502,1
8189,1
5846,1
749,0
6639,1
5541,1
4931,0
3846,0
5904,1
2369,1
8297,1
8030,1
6226,1
7972,1
7990,1
5030,1
4153,0
662,0
4212,0
7710,1
6225,1
369,1
5555,1
839,0
2832,0
6644,1
812,1
4323,0
2928,0
4044,0
7209,1
4986,0
6858,1
5967,1
3744,0
1478,0
219,0
2537,0
7846,1
6622,1
6351,1
5832,1
7503,1
7032,1
5151,0
7403,1
2853,0
2668,1
3466,0
5010,0
5376,1
6729,1
6879,1
528,0
5612,1
835,0
5899,1
5102,0
6538,1
682,0
6495,1
4324,1
4704,0
832,0
3870,0
2432,0
3511,0
5097,0
1144,0
4857,1
4428,0
2544,0
6744,1
7445,1
7035,1
6039,1
794,1
6539,1
148,0
7489,1
4832,0
8204,1
3094,0
3818,1
797,0
6686,1
1298,0
3383,0
8559,1
7696,1
6123,1
1881,1
4745,0
6167,1
1422,0
8570,1
1195,1
3155,0
7874,1
3351,0
5185,0
4149,0
2617,0
8163,1
3133,0
8553,1
7949,1
3553,0
7157,1
4097,0
4934,0
336,0
8433,1
1395,0
1384,0
2685,0
4968,0
3203,0
2316,0
190,0
2049,0
3301,0
771,0
5787,1
3663,0
2220,0
7026,1
2099,0
8267,1
4502,0
6762,1
6150,1
4540,0
3200,0
4168,1
393,0
3930,0
5419,1
8154,1
2168,0
203,0
2022,1
856,1
6375,1
7464,1
3996,0
1440,0
791,1
6431,1
2055,1
6522,1
4415,1
2722,0
4831,1
4008,1
5661,1
4693,0
1284,0
7156,1
3947,1
1303,0
2963,0
4592,0
2383,0
6075,1
948,0
7584,1
1028,0
3051,0
1555,0
5447,1
3159,1
931,0
4437,0
574,0
166,0
7619,1
1392,0
2811,0
4411,0
7364,1
8245,1
142,0
1049,0
3030,0
7604,1
4527,0
2592,0
7974,1
5988,1
5501,1
4938,0
6786,1
571,0
6623,1
2411,1
3389,0
7006,1
1853,0
1827,0
2497,0
6511,1
2667,0
7425,1
3401,0
3122,0
4290,1
2443,1
5502,1
1155,0
4074,1
6353,1
283,1
7863,1
5400,1
7886,1
3050,0
7521,1
8343,1
3299,1
2277,0
254,0
1397,0
8034,1
6130,1
3014,0
6707,1
7345,1
5950,1
7751,1
5695,1
8617,1
3748,0
2546,1
2736,1
3753,0
8365,1
5779,1
499,0
3533,1
1246,0
2598,0
2825,0
2061,1
620,0
952,1
741,0
5302,0
7324,1
1064,0
5618,1
4375,0
7476,1
1130,0
1398,1
5789,1
2433,0
212,0
6931,1
3366,0
5509,1
6339,1
2715,0
3151,0
4944,0
4880,0
2081,0
3090,0
8296,1
8498,1
7358,1
7465,1
2182,0
6721,1
8366,1
1069,0
1693,0
5771,1
6913,1
6489,1
5830,1
6693,1
1715,0
2360,0
125,0
3423,0
7398,1
5475,1
3784,1
5621,1
3958,0
1824,0
5240,0
5740,1
5503,1
3965,0
1471,0
958,0
2892,1
2697,0
3804,0
8019,1
3499,0
6372,1
3702,0
2769,0
1358,0
1014,0
392,0
7498,1
8208,1
2570,0
4230,1
6468,1
2978,0
1604,0
5970,1
217,0
2460,0
4450,0
1970,0
1612,0
4825,0
6732,1
3175,0
4010,0
3649,1
3057,0
2458,0
5460,1
6107,1
7039,1
7271,1
700,0
6323,1
3195,1
2005,0
1905,1
7591,1
114,0
3353,0
5327,1
1571,0
2604,0
6625,1
6412,1
2530,0
6617,1
2791,0
6185,1
4265,0
5455,1
1584,0
3842,0
5973,1
2503,1
5739,1
6377,1
1238,0
5323,1
5885,1
7770,1
670,0
7316,1
2230,0
5210,0
2330,0
5844,1
1754,0
6162,1
6669,1
6470,1
2059,0
1912,1
7389,1
2644,0
5592,1
7052,1
4120,1
3039,1
8352,1
1989,0
3391,0
3421,0
1792,0
4300,0
4340,1
8293,1
21,0
3442,1
6073,1
615,0
736,1
1019,0
2271,0
4058,0
8260,1
1443,0
564,0
4226,0
8468,1
5466,1
8046,1
3864,0
4992,0
3288,0
8252,1
387,1
8310,1
1120,0
579,0
7694,1
4077,0
7468,1
6979,1
825,0
3286,0
1797,0
8280,1
8598,1
173,0
478,0
5811,1
2010,1
1668,0
6839,1
3480,0
1078,0
7479,1
2124,0
3381,0
3580,0
2949,0
8105,1
5366,1
5581,1
6513,1
4156,1
6926,1
1698,0
5824,1
5198,0
2730,0
5708,1
5628,1
2389,0
6760,1
6143,1
4108,0
7140,1
7745,1
5295,0
8426,1
6263,1
7241,1
5380,1
8477,1
4702,0
7759,1
2950,0
8428,1
7779,1
275,0
3701,0
6311,1
2933,1
2574,0
4836,0
1134,0
7635,1
7999,1
4155,0
5499,1
5153,1
8256,1
4784,0
6891,1
5564,1
627,0
4148,0
2916,1
5129,0
3392,0
7021,1
3142,0
3280,0
4896,0
8441,1
2779,0
7620,1
3770,0
8250,1
4875,0
8269,1
4597,0
2677,1
3691,0
5624,1
4463,0
164,0
8176,1
6404,1
2471,0
1983,0
1237,1
4841,0
1736,1
100,0
6865,1
5278,0
2780,1
4646,0
3954,0
62,0
7563,1
996,1
2087,0
8061,1
7106,1
7515,1
5246,0
178,0
4118,0
6705,1
297,0
5913,1
6525,1
6060,1
901,1
8615,1
6637,1
2457,0
6719,1
4918,0
3304,0
3443,0
6476,1
4710,0
1187,0
4839,0
3689,1
3236,0
999,0
5098,0
2244,0
1770,0
6340,1
6730,1
8076,1
5432,1
3929,0
5696,1
3143,1
4881,0
6259,1
105,0
5691,1
6921,1
3609,0
921,0
6478,1
1079,0
1820,1
4658,0
1729,0
2858,0
8055,1
2216,0
8394,1
1955,0
2128,0
7450,1
4189,1
5951,1
3253,1
4245,0
1353,0
6419,1
7214,1
669,0
698,0
5720,1
4677,0
2539,0
8129,1
8009,1
4612,0
375,0
5647,1
6854,1
1566,1
6695,1
8049,1
161,0
2951,0
2707,0
2649,0
3587,0
3497,1
7001,1
2710,1
8604,1
4909,0
4161,1
280,0
3091,0
8490,1
5462,1
472,0
5179,0
3783,0
6800,1
510,1
3515,0
1068,0
7270,1
4619,0
6571,1
5178,1
6132,1
4417,0
4013,0
8213,1
7724,1
4495,0
2450,0
5404,1
5382,1
1781,0
6329,1
8327,1
7643,1
5004,0
7529,1
2468,0
2790,0
2676,0
632,0
6036,1
3630,1
4336,0
720,0
7828,1
7825,1
5439,1
1961,1
1013,0
8582,1
2775,0
1304,0
6047,1
1022,0
3559,0
1063,0
5717,1
1086,0
7564,1
3251,0
2684,0
7331,1
5368,1
565,0
1561,0
1381,0
1495,0
800,1
3083,0
6091,1
5934,1
6344,1
6602,1
395,1
7700,1
93,0
8074,1
4772,0
2882,0
6005,1
1428,0
4687,1
6178,1
6389,1
8295,1
533,0
909,1
5434,1
8491,1
2475,0
6105,1
860,0
5,0
859,1
287,0
7215,1
1486,0
3685,0
2496,0
1410,0
5467,1
2042,0
7875,1
2702,0
6682,1
5498,1
5756,1
2291,0
6211,1
2532,0
3755,1
7263,1
4401,0
6238,1
987,1
3798,0
883,0
8512,1
7155,1
3028,0
4997,0
5266,1
487,0
7204,1
6384,1
4337,0
8228,1
3459,0
3037,0
4119,0
7313,1
5096,0
6668,1
6964,1
1823,0
5234,0
2959,0
1273,0
2175,1
1995,1
8421,1
6114,1
1169,0
399,0
3129,0
7200,1
7995,1
8562,1
6636,1
179,0
7223,1
3727,1
5902,1
6564,1
2142,0
4014,0
4933,0
7329,1
1255,0
1456,0
1933,0
3935,0
1116,0
2831,0
94,0
1330,0
4273,0
7298,1
7732,1
2147,1
4611,0
3607,1
6281,1
6298,1
3247,0
3867,1
6124,1
7838,1
3228,0
3115,0
3826,0
5002,0
4690,0
8398,1
957,1
8199,1
6065,1
8383,1
2638,0
1884,0
6061,1
8418,1
6426,1
469,0
5943,1
8326,1
7533,1
7858,1
1972,0
8301,1
2050,0
8073,1
5926,1
4333,1
313,1
5735,1
7407,1
4488,0
5223,0
8425,1
3040,0
5111,0
4159,0
2657,0
8579,1
6361,1
4622,0
7176,1
7114,1
3837,0
964,1
946,0
1438,1
7105,1
1629,1
1089,0
7651,1
5363,1
4615,0
310,0
5395,1
326,0
4407,1
8392,1
4974,0
2717,0
7809,1
2089,0
1257,0
4567,0
3736,1
2394,0
643,0
3061,0
3413,0
5569,1
7036,1
5134,0
4637,0
7183,1
8486,1
6656,1
349,0
7186,1
3018,0
4554,0
7027,1
7667,1
2356,0
6955,1
4993,0
7409,1
3907,0
7438,1
5774,1
2057,0
1196,0
5177,0
7976,1
7932,1
295,1
6044,1
7599,1
1616,0
5276,0
3986,1
7723,1
4689,0
4929,0
4743,1
846,0
7441,1
1030,0
6804,1
1549,0
2962,1
895,0
6584,1
3916,0
3507,1
7818,1
5518,1
3411,0
1758,0
836,0
1450,0
8278,1
5994,1
475,0
3540,0
7983,1
6001,1
3861,0
249,0
2195,0
3987,1
7618,1
3569,1
3888,0
5627,1
4509,0
6461,1
7662,1
1766,0
7715,1
8526,1
2687,0
7772,1
3482,0
4378,0
4972,0
1681,0
5948,1
3141,0
3311,1
7077,1
7111,1
4656,0
8519,1
5850,1
2491,0
5620,1
2877,0
3806,0
719,0
7969,1
5331,1
269,0
1279,0
7535,1
3936,0
1521,0
4041,1
4446,0
5072,1
1407,0
4660,0
5417,1
8145,1
177,1
4182,1
7829,1
447,1
5197,0
1493,1
4797,0
4632,0
1390,0
965,1
3910,0
2084,1
3660,0
366,0
6165,1
3657,0
5442,1
4132,0
3455,1
4850,1
6635,1
5026,1
3025,0
195,0
8479,1
7585,1
1265,0
5316,0
4093,1
7246,1
691,0
6191,1
6110,1
6090,1
6151,1
1670,1
5019,0
294,0
8592,1
1093,0
6824,1
4874,0
4275,0
4685,0
6507,1
6657,1
1817,0
2504,1
3075,0
6878,1
5554,1
7350,1
7593,1
1170,0
5790,1
4719,0
5923,1
5491,1
4346,0
3749,0
4952,0
251,0
3762,0
4171,0
3912,0
7192,1
5540,1
7010,1
5236,0
2321,0
8002,1
3799,1
351,0
816,0
2305,0
3820,0
6778,1
4070,1
7941,1
6919,1
6517,1
667,0
5358,1
6756,1
5286,1
5056,0
4667,1
5936,1
4087,0
7410,1
6610,1
874,0
2558,0
4441,0
4423,0
3167,1
8045,1
3795,1
6433,1
4576,1
7978,1
2620,1
4432,0
5294,0
4712,0
855,0
6894,1
8439,1
3551,1
7653,1
3829,0
2658,0
4125,0
6164,1
2827,0
4760,0
4642,0
5195,0
423,0
1653,0
2047,1
5686,1
8090,1
8494,1
483,0
1433,0
6029,1
6880,1
2286,1
5998,1
1455,0
4317,0
3022,0
4830,0
3990,0
1262,0
1527,0
2965,0
3431,0
5082,1
3153,0
3240,1
5676,1
3610,0
4845,0
4371,0
1522,0
8244,1
759,0
6723,1
4605,0
4267,0
5679,1
4898,0
6940,1
354,0
5274,0
861,0
1010,0
5156,0
5205,1
6843,1
2593,0
5472,1
2545,1
75,0
73,0
5692,1
7752,1
6908,1
6331,1
4807,0
7423,1
5955,1
5587,1
8147,1
5891,1
6251,1
2720,0
2264,1
7536,1
3877,0
7274,1
3005,0
7356,1
4216,0
2572,0
7014,1
5196,1
5961,1
1147,0
1334,0
6439,1
2548,0
716,0
3108,0
7112,1
2810,0
773,1
6912,1
733,0
2672,0
3576,0
3152,0
3923,0
7049,1
7340,1
1837,1
2852,0
7210,1
7856,1
2696,0
8416,1
1512,0
18,0
3407,0
8360,1
1227,0
3894,0
185,1
5303,0
228,0
2911,0
6358,1
7926,1
7074,1
1315,0
3496,0
1993,0
4054,1
7485,1
3334,0
7062,1
5356,1
318,0
6901,1
584,0
1842,0
5445,1
153,0
5089,0
912,0
6777,1
3538,0
1224,0
6328,1
3170,0
86,0
4981,0
8082,1
2362,0
2290,0
721,0
2112,0
6883,1
4064,0
7596,1
968,0
7676,1
1913,0
3812,1
2954,0
6497,1
7265,1
305,0
1940,0
512,0
4178,0
2093,0
2834,0
631,0
3978,0
6485,1
4947,0
2840,1
593,0
2923,0
4795,0
7366,1
7914,1
5049,0
2406,0
7511,1
1156,0
3041,0
5067,0
2997,0
3742,1
4730,0
8339,1
7359,1
4513,0
4012,0
2208,0
7624,1
2313,1
2806,0
8525,1
6037,1
6402,1
7404,1
5639,1
6307,1
8363,1
5345,1
1082,0
1319,0
6959,1
8035,1
1447,0
3687,0
1413,0
7840,1
5076,0
1914,0
7291,1
1032,0
1920,0
8216,1
789,0
2653,0
1376,1
2693,0
3405,0
6877,1
5168,0
4480,0
7094,1
4852,0
5340,1
5408,1
446,0
6888,1
5614,1
8286,1
2281,0
6335,1
971,0
6647,1
4813,0
4793,0
4711,0
3462,0
2118,0
6842,1
5570,1
5208,1
1872,1
866,0
3187,0
4679,0
7717,1
6852,1
3478,1
2187,0
4829,0
2813,1
5749,1
6161,1
992,1
6766,1
3650,0
4714,0
3063,0
7603,1
8143,1
2550,0
2992,0
914,0
6020,1
4729,0
394,0
6397,1
6589,1
1342,0
813,0
7086,1
4032,1
4546,0
3632,0
5544,1
1563,0
2909,0
2855,1
5755,1
3060,0
149,0
4389,0
5881,1
3919,1
1286,0
7571,1
7626,1
2629,1
4733,1
960,0
7487,1
2953,0
3911,0
4956,0
6739,1
4186,0
1046,1
1008,0
3636,0
1785,0
2391,0
2164,1
5058,0
5393,1
7444,1
2066,1
6082,1
355,1
378,0
7339,1
3865,0
6809,1
3730,0
4479,0
4843,1
8240,1
2311,0
6767,1
256,0
4406,0
575,0
2328,0
8415,1
568,0
4154,0
6629,1
3219,0
4828,0
5981,1
5137,0
7166,1
2666,0
5265,0
7497,1
4787,0
610,0
6494,1
8423,1
7830,1
4200,0
4821,0
5243,0
1225,0
3681,0
1530,0
8058,1
8571,1
3209,1
2404,1
3726,1
285,0
7286,1
465,0
3053,0
1523,0
6550,1
1006,0
2701,0
6972,1
2053,1
7405,1
8242,1
2628,1
7153,1
5114,0
1107,0
6111,1
6179,1
3719,0
303,0
123,0
5229,0
7598,1
4628,0
2973,0
8558,1
1276,0
2501,1
4808,0
539,0
2229,0
834,1
4588,1
2438,0
4197,0
7820,1
7984,1
412,0
857,1
2814,1
1212,0
1051,0
1009,0
8504,1
6390,1
2964,0
3838,0
5254,0
4801,0
1497,0
4015,1
3467,0
876,1
2477,0
2849,0
7354,1
2136,1
3068,0
1337,0
4124,0
7691,1
520,0
1110,0
7092,1
4361,0
2162,0
6969,1
7837,1
3598,0
3213,0
6099,1
3690,0
5414,1
2320,0
7505,1
1016,0
2340,0
7609,1
1270,0
3326,1
2298,0
8064,1
8376,1
4748,0
3182,0
8025,1
7977,1
1903,1
8432,1
1804,0
1930,0
4977,0
959,0
3495,0
8404,1
5312,0
5613,1
7659,1
6243,1
1938,0
2214,0
1341,0
3558,0
6944,1
792,0
4618,0
728,0
5607,1
2971,1
6673,1
502,0
5013,0
8255,1
7023,1
6755,1
7048,1
6992,1
4531,0
4971,0
6988,1
4199,1
4160,1
307,0
3198,0
3953,0
7922,1
5427,1
2723,0
8555,1
8462,1
5301,0
2899,0
3807,0
6626,1
2135,0
2848,0
7000,1
4910,0
7911,1
4396,1
1722,1
4331,0
3985,0
1691,0
8239,1
2981,0
5767,1
2919,1
2003,0
1592,0
6140,1
3016,0
7383,1
5630,1
4217,1
8621,1
206,0
2386,1
3692,0
2012,1
1331,0
7439,1
6000,1
1753,0
6939,1
4009,0
6473,1
858,0
91,0
2419,0
5127,1
4720,1
1805,0
4872,0
5944,1
8514,1
830,0
1851,1
8406,1
1865,0
5371,1
3112,0
2958,0
4915,0
7072,1
917,0
5681,1
1701,0
1117,0
7194,1
6651,1
404,0
4950,0
6801,1
4311,0
3677,1
3183,0
344,0
3885,0
5659,1
4786,0
5978,1
6649,1
4313,1
1655,0
2451,0
5406,1
7852,1
7458,1
5188,0
8284,1
1402,0
4887,0
7601,1
561,1
3314,0
2287,0
3778,0
983,0
1866,0
4803,1
308,0
2562,0
419,0
8179,1
7025,1
6776,1
1178,0
7640,1
5440,1
4903,1
937,0
7866,1
6607,1
795,0
246,0
4282,1
7783,1
7146,1
3038,0
7058,1
1203,0
4517,1
2188,0
5320,1
8436,1
3163,1
7748,1
7658,1
4789,0
956,0
3501,0
1745,0
8241,1
2032,0
493,0
7841,1
2396,0
6376,1
7484,1
6573,1
2913,0
6058,1
1636,0
945,1
3893,0
4286,0
1199,0
1760,0
4894,0
296,0
8259,1
904,0
560,0
717,0
8018,1
3651,0
8079,1
5284,0
4187,0
3847,1
1216,0
141,0
1380,0
4351,0
5668,1
1233,0
431,1
3089,0
6383,1
4232,0
2632,0
5575,1
6886,1
4150,0
470,0
828,0
4079,1
5344,1
573,0
7228,1
7641,1
2800,0
8081,1
2347,0
4464,1
1293,0
7118,1
4332,1
4877,0
348,0
7440,1
2358,0
7560,1
2177,0
7778,1
7764,1
6526,1
1356,0
3815,0
4326,1
270,0
5510,1
7281,1
2152,1
4447,0
1625,0
4383,0
2829,0
4241,0
2160,0
535,0
4279,0
1454,0
501,0
3310,0
7315,1
3967,0
7469,1
1815,0
4236,1
7254,1
4016,0
5343,1
3127,0
5017,0
566,0
6184,1
4219,0
4022,0
5107,1
5369,1
2979,0
6445,1
6071,1
468,0
3905,1
8027,1
6588,1
4515,0
5476,1
7348,1
6603,1
1200,0
3246,0
127,0
3327,0
6305,1
4006,0
5025,0
6285,1
5214,0
7719,1
362,0
2692,0
3059,0
3395,0
5138,0
5381,1
6214,1
2507,0
8618,1
8497,1
3647,1
7957,1
1728,0
2068,0
5230,0
6958,1
5714,1
8020,1
7143,1
1739,0
6947,1
4924,0
3776,0
7697,1
3821,1
1034,0
4449,0
2361,1
4144,0
7861,1
6512,1
2596,0
1007,0
1711,0
2297,0
4164,0
1506,0
1883,0
2705,0
7725,1
216,0
3099,0
3165,0
5896,1
5385,1
4961,0
7455,1
7492,1
2847,0
8348,1
5149,0
5972,1
486,0
7671,1
5045,0
117,0
7284,1
1529,0
3011,0
147,0
1699,0
4804,0
8545,1
3212,0
7009,1
3962,1
3360,0
4170,0
5079,1
1801,0
6394,1
6508,1
8412,1
4630,0
5146,0
4183,1
1713,0
3788,0
5360,1
3816,0
1720,1
638,0
2555,0
5625,1
6885,1
2016,1
5729,1
4994,0
4165,0
6474,1
1423,0
6271,1
2799,0
6717,1
1939,0
7871,1
2561,0
2733,0
6501,1
4078,0
7682,1
645,0
3948,0
3941,0
3244,0
7227,1
373,0
7827,1
1215,1
4935,0
3715,1
6081,1
200,0
1058,0
3524,1
4278,1
2352,0
5876,1
7154,1
484,0
6831,1
6147,1
1361,0
6363,1
650,0
1773,0
1721,0
4824,0
1845,0
5504,1
1751,0
4600,0
851,1
5310,0
3446,0
943,0
1177,0
2669,1
3642,0
6742,1
4855,0
3369,0
3020,0
3296,0
1415,0
196,0
330,0
3851,0
6320,1
136,0
3106,0
4177,0
4235,1
7237,1
7242,1
4840,1
108,0
7923,1
1829,1
3562,1
6519,1
1768,0
4152,1
4683,0
3343,1
7135,1
8478,1
7307,1
2038,0
6596,1
5478,1
3239,0
7177,1
4373,0
3073,0
3627,1
3433,0
7378,1
6450,1
4706,0
7669,1
3283,0
985,0
214,1
3224,0
2552,0
5780,1
8608,1
1291,0
1779,0
3615,0
4320,0
5727,1
7912,1
3150,0
1253,0
3062,0
7980,1
4980,0
2566,0
818,0
8042,1
7238,1
6488,1
6057,1
6848,1
3672,0
6149,1
7393,1
2805,0
5183,0
2597,1
227,1
4737,0
7831,1
3654,0
3254,1
139,0
508,1
1,0
6881,1
6385,1
6343,1
5117,1
4095,0
5354,1
6241,1
4405,0
4498,0
6074,1
4556,0
6630,1
4472,0
7613,1
4272,0
562,0
2296,0
2508,0
6048,1
1496,0
8155,1
2872,0
1378,0
2869,1
6846,1
5682,1
5043,0
8041,1
6661,1
1347,0
122,0
683,0
6266,1
1328,0
4604,0
5048,0
3695,0
504,0
1427,0
3917,0
1666,0
8292,1
5884,1
5646,1
3445,0
7720,1
8194,1
6138,1
1175,0
850,0
7189,1
7322,1
3250,0
56,0
3900,0
863,0
7508,1
7919,1
7075,1
6658,1
779,0
8587,1
6690,1
7993,1
5557,1
7534,1
174,0
2210,1
7514,1
243,1
1688,0
3992,0
4593,0
5141,0
8531,1
1834,0
2250,0
8448,1
1245,0
1052,0
5705,1
0,0
3384,0
2429,1
7299,1
5563,1
2041,1
6851,1
5742,1
8265,1
1391,0
4489,0
6855,1
5553,1
6153,1
170,0
4158,0
1757,0
2076,0
8136,1
8124,1
4315,1
7523,1
5635,1
1387,0
4590,1
7867,1
7011,1
2770,1
5932,1
7352,1
8229,1
899,1
3751,0
2157,0
6832,1
7137,1
1191,0
450,0
5622,1
1990,0
7522,1
6604,1
7862,1
3814,0
8552,1
1609,0
2655,0
4101,1
8005,1
6104,1
7212,1
5132,1
3549,0
3547,0
157,0
7962,1
8430,1
4594,0
107,0
5514,1
5341,1
259,0
3342,0
7018,1
3450,1
5882,1
7252,1
2072,0
1249,0
6780,1
7367,1
1632,0
1678,1
5982,1
2437,0
1901,0
3448,0
8157,1
4435,1
679,0
1689,0
1663,0
2418,1
4322,1
2922,0
1624,0
4202,0
991,0
3761,0
1403,1
7396,1
3567,0
5716,1
4967,0
8457,1
2272,0
1099,0
4413,0
402,0
4352,1
7057,1
4562,0
3146,0
1080,0
4167,0
6868,1
7171,1
2987,0
311,0
5999,1
1042,0
3921,0
40,0
1664,0
2665,0
7173,1
4746,0
6970,1
5448,1
870,0
8438,1
1218,0
5122,0
3264,0
6033,1
826,0
6734,1
7096,1
6634,1
6632,1
3697,1
2478,0
710,1
3226,1
1031,0
6815,1
675,0
6987,1
266,0
1606,1
3279,1
8138,1
8619,1
8505,1
982,0
8444,1
8539,1
2797,0
8067,1
1498,0
7004,1
5290,0
3780,1
5388,1
1306,0
133,0
7038,1
7607,1
906,0
3560,0
6076,1
350,0
6168,1
5280,0
6126,1
8132,1
5061,0
1706,0
4644,0
4490,0
3297,0
6194,1
5905,1
4471,0
7836,1
7412,1
5073,0
3215,0
5958,1
6102,1
4547,0
8235,1
5139,0
2240,1
4601,0
4598,0
26,0
5396,1
7814,1
660,0
401,0
1327,0
4779,1
6516,1
8288,1
346,0
2094,1
6541,1
1536,0
1095,0
278,1
7117,1
2375,0
6904,1
8381,1
4328,0
6294,1
5173,0
13,0
2414,0
975,0
53,0
5519,1
3572,1
8616,1
1015,0
5945,1
1020,0
8122,1
6520,1
1534,0
7061,1
324,0
1618,0
5853,1
1700,1
6861,1
3048,0
2004,0
3589,0
6177,1
7812,1
2915,0
6524,1
3081,0
3509,0
7317,1
3546,1
2734,0
6026,1
6591,1
1657,0
7906,1
6833,1
2961,1
7561,1
1096,0
536,0
6549,1
4744,0
8195,1
6838,1
2726,0
1844,1
5057,0
3787,0
4715,0
3988,0
1136,0
2395,0
3635,0
5818,1
5264,0
5718,1
5438,1
8577,1
5915,1
5776,1
6206,1
3530,0
1724,1
1652,0
4518,0
2245,0
1060,0
3320,0
6480,1
6038,1
6680,1
1332,0
3853,0
7335,1
3670,0
7707,1
8078,1
8285,1
8513,1
4739,0
1968,1
7994,1
529,0
3711,0
5422,1
130,0
8188,1
4773,0
3398,1
2905,0
5066,0
6158,1
4442,0
120,0
6793,1
4043,1
1029,1
6174,1
6288,1
292,0
4557,0
8435,1
6922,1
7766,1
6915,1
4269,0
1338,0
7462,1
7336,1
7283,1
5074,0
5471,1
2235,0
1610,1
2509,1
8268,1
3832,0
8407,1
6014,1
3743,0
6567,1
8309,1
151,0
8071,1
4243,0
1272,0
2603,0
1477,0
3300,0
2656,0
1205,0
7496,1
3977,0
2660,0
1072,0
2500,1
2006,0
7351,1
7309,1
52,0
7868,1
4584,0
4954,0
2974,0
8424,1
7909,1
5785,1
6700,1
3775,1
3550,0
4196,0
7689,1
234,0
3245,0
8126,1
7936,1
3439,0
8282,1
7971,1
325,0
8431,1
6747,1
400,0
1737,0
6154,1
273,0
3705,0
41,0
5370,1
5924,1
515,0
5237,0
1176,0
5133,0
2529,1
1761,0
6181,1
7360,1
7721,1
3403,0
2788,0
4529,0
4506,0
2469,0
6726,1
7627,1
7787,1
1324,0
4484,1
6314,1
3270,0
1819,1
7005,1
5912,1
1987,0
6213,1
3652,0
7602,1
6204,1
2976,0
6873,1
7394,1
4040,0
8066,1
7123,1
2812,0
183,0
2203,1
169,0
6217,1
7726,1
1864,0
4596,0
7232,1
5980,1
4526,0
5483,1
4505,0
6336,1
1437,1
4783,0
6056,1
2586,0
7594,1
3819,1
3206,0
7017,1
6981,1
7755,1
6321,1
1142,0
3843,1
6016,1
8182,1
6678,1
4133,0
1299,0
3683,0
5437,1
3174,1
1301,0
1559,0
6246,1
7196,1
8197,1
4306,0
7,1
940,0
678,0
2145,0
1598,0
4390,1
3667,0
3276,1
7730,1
2324,0
4443,0
5759,1
361,1
6598,1
6400,1
892,0
4080,0
1098,0
6015,1
5953,1
6974,1
4283,0
7431,1
5118,0
5059,0
6994,1
3447,0
5297,0
3944,0
4445,0
7510,1
1605,0
5202,0
2434,0
1261,0
4835,0
715,1
623,0
1570,0
2067,0
3737,0
7037,1
6505,1
49,0
6270,1
2804,0
8169,1
7849,1
1269,0
4051,0
2205,0
5960,1
4425,0
5064,0
5566,1
6990,1
5200,1
6863,1
7742,1
1217,0
1696,0
3473,0
4932,0
1932,0
4868,0
7507,1
5568,1
2033,0
4325,1
2104,1
7102,1
1223,0
4131,0
458,0
8175,1
3298,0
2266,0
2190,0
2257,0
1923,0
6737,1
3109,0
4453,0
1597,1
2345,0
6296,1
5576,1
3674,1
5584,1
1703,0
3523,1
8467,1
2679,0
7873,1
2470,0
8437,1
1702,0
253,0
2315,1
7673,1
6659,1
5105,0
6600,1
1408,0
4069,0
2207,1
6429,1
5126,1
6405,1
2261,1
8589,1
3243,0
7883,1
7917,1
7657,1
2716,1
8347,1
5103,0
4466,0
7282,1
8015,1
1694,0
6956,1
6417,1
4314,0
4073,1
6709,1
7869,1
2409,0
356,0
6106,1
8007,1
7417,1
7129,1
1481,0
8088,1
5653,1
3427,0
3380,0
2463,0
871,1
5585,1
5143,1
6545,1
5841,1
1596,1
3386,0
4812,0
5671,1
8233,1
4036,0
3118,0
1075,0
38,0
7327,1
1790,0
7543,1
1806,0
7501,1
2996,0
4955,0
6999,1
5191,0
3675,0
5806,1
6936,1
1908,0
2560,1
1546,0
3805,0
4917,0
750,0
3519,0
4523,1
5429,1
2627,0
1070,0
181,0
2600,0
796,0
4252,0
2129,1
76,0
4533,0
5289,0
6451,1
5655,1
947,0
2218,1
5745,1
8103,1
8069,1
4485,0
2336,0
3794,0
3882,1
3394,0
3656,0
64,0
6272,1
6013,1
3337,1
182,1
3131,0
3235,0
4943,0
7059,1
8099,1
7788,1
7003,1
2772,0
5688,1
1784,0
8600,1
6055,1
6529,1
250,1
4350,1
8101,1
2194,0
4970,0
6954,1
5770,1
801,0
4305,0
6142,1
844,0
3631,0
1926,1
8272,1
1372,1
840,1
47,0
6434,1
3555,0
2138,0
4048,0
3065,0
659,0
7777,1
4859,0
5224,0
3671,0
4806,0
7419,1
3232,0
7509,1
3275,0
8484,1
154,0
951,0
2326,0
1143,0
3370,0
4724,0
306,0
1869,0
29,0
1855,0
69,0
6144,1
8004,1
4586,0
4102,0
7880,1
7285,1
6899,1
5454,1
6791,1
2344,0
7608,1
5821,1
4814,0
6986,1
6205,1
5637,1
7577,1
5654,1
7109,1
7954,1
772,0
8446,1
1947,0
4883,0
3412,0
7372,1
7446,1
5482,1
1531,0
6430,1
4392,0
4669,1
4631,0
8528,1
8063,1
4071,1
3606,0
663,0
372,0
4308,0
5024,0
634,0
8008,1
4293,1
5966,1
7306,1
8139,1
2161,0
5215,0
3103,0
6275,1
2054,1
3982,1
1288,0
4162,0
1654,1
413,0
7089,1
1485,1
1005,1
1228,0
3541,0
7500,1
6455,1
6050,1
8270,1
331,0
8087,1
7437,1
260,0
7436,1
3344,1
2609,0
3725,1
7996,1
3158,0
2206,0
1368,1
3577,0
5930,1
7960,1
6302,1
4574,0
600,0
778,0
2969,0
3149,0
7208,1
1322,0
5193,0
4035,0
702,0
54,0
8057,1
2535,0
1744,0
5697,1
2002,0
725,1
4116,1
1383,1
657,0
2912,0
1047,0
4858,0
2879,1
312,1
6347,1
8017,1
6963,1
6666,1
4060,0
8542,1
2294,1
7646,1
1274,0
6597,1
1474,0
7482,1
4465,0
6518,1
781,0
7711,1
4493,0
2581,0
4288,1
2127,0
2662,0
481,0
6002,1
5415,1
5719,1
6694,1
1973,0
5751,1
7681,1
7151,1
7076,1
6829,1
6923,1
432,0
2090,1
6991,1
277,0
5492,1
3184,0
6291,1
6274,1
6942,1
2938,0
737,1
6370,1
8306,1
6322,1
8021,1
6945,1
6934,1
4564,0
4221,1
7012,1
1360,0
7149,1
1061,0
2184,0
7443,1
2349,0
1026,0
3161,0
5426,1
5204,1
3957,0
2309,0
3637,0
5477,1
3185,0
2876,0
7169,1
5296,0
7944,1
4416,0
708,0
6957,1
7056,1
4019,1
2407,1
6849,1
7390,1
34,1
8399,1
3318,0
5875,1
4920,0
8319,1
4110,1
3731,0
2748,0
3013,0
1645,0
1942,0
2163,1
7557,1
2141,0
87,0
2518,0
4478,0
1468,0
7262,1
2568,1
7580,1
2515,1
2346,0
5008,0
3704,1
5314,0
4581,1
6687,1
4382,0
2523,1
2630,1
4822,0
6823,1
3072,0
7520,1
5562,1
7824,1
8403,1
2339,0
1590,0
686,0
7088,1
5181,0
5481,1
1467,1
7136,1
5908,1
522,0
5601,1
8378,1
2181,0
5793,1
1133,0
2744,1
2303,0
1743,0
488,0
7071,1
2202,0
6406,1
8350,1
7198,1
5965,1
3968,0
7823,1
5687,1
4662,1
7084,1
3951,0
2442,1
4140,0
548,0
2251,0
6289,1
652,0
2640,0
121,0
1900,0
1320,0
5273,1
302,0
4878,0
1374,0
7687,1
7774,1
7621,1
4833,0
8474,1
2234,1
8578,1
4560,0
1690,0
2921,0
2534,1
1023,0
1101,0
2927,0
2924,0
1492,1
2809,0
7757,1
8170,1
1894,1
2890,1
6616,1
5937,1
6466,1
980,0
2925,0
1180,0
2233,0
7633,1
4781,0
3869,0
7422,1
1786,0
8044,1
1856,0
7217,1
7902,1
3178,0
6354,1
764,0
489,0
4393,1
811,1
3620,1
7113,1
4983,0
1281,0
3774,1
1832,0
886,0
4708,0
6898,1
4470,0
8501,1
2565,0
3528,1
6587,1
4301,1
1231,1
5985,1
1749,0
2116,0
5574,1
8024,1
4067,1
635,0
8454,1
1608,0
1278,0
7416,1
4638,0
4409,0
3049,0
3111,0
6003,1
8335,1
4621,0
338,0
345,1
880,0
5786,1
3902,0
6781,1
4134,1
1053,0
3284,0
5603,1
4657,0
5559,1
1158,0
955,0
5315,0
3008,0
3229,0
3543,0
5135,0
436,0
7400,1
3886,1
3913,0
4174,0
2178,0
6345,1
7622,1
5250,0
5095,0
1814,0
8111,1
6220,1
7924,1
4191,0
1508,0
5361,1
4257,0
1220,0
4052,0
1354,0
6844,1
1828,0
6145,1
5648,1
7320,1
1160,0
482,0
233,1
8500,1
5270,0
3889,0
7519,1
3474,0
5781,1
5497,1
5868,1
4820,0
3595,0
4815,0
3772,0
8203,1
2520,1
6491,1
6795,1
2940,0
316,0
4482,1
2260,0
6180,1
2113,0
6446,1
143,0
258,0
8443,1
479,0
1943,0
2941,0
4963,0
8357,1
998,0
5754,1
8422,1
8551,1
5632,1
2842,1
8344,1
953,0
3441,0
4115,0
7629,1
7550,1
7119,1
2914,0
1239,0
5238,0
3678,0
4749,0
158,0
5225,0
1979,0
6569,1
666,0
6093,1
911,1
1540,1
2209,0
5305,0
7374,1
865,1
8115,1
5260,1
2839,0
753,1
8050,1
2071,1
2117,1
6019,1
1287,0
1875,0
817,1
2031,0
2380,0
6797,1
3196,0
2918,0
8308,1
145,0
4246,1
4059,1
5443,1
3503,0
1466,1
5037,1
3426,0
5313,0
986,1
6313,1
3590,0
3004,0
4666,0
3217,0
1209,0
651,0
6209,1
5006,0
4979,1
7203,1
7073,1
3975,0
1622,1
5248,0
3435,0
2841,0
473,0
4262,0
4891,0
6653,1
2781,1
4595,1
2219,1
4430,1
6192,1
230,0
4021,1
4193,1
8220,1
7754,1
3419,0
2221,0
435,0
7845,1
6427,1
8324,1
8231,1
5465,1
4520,0
5040,1
5176,0
7397,1
8133,1
751,1
6499,1
2307,0
8178,1
1323,1
4753,1
4391,0
656,0
752,1
4128,1
3123,0
7973,1
6125,1
6830,1
4234,1
3330,0
8130,1
7771,1
4727,0
5773,1
2199,1
4716,1
5094,1
5699,1
6556,1
5675,1
7321,1
1648,1
4046,1
6601,1
5712,1
5020,0
4123,0
2698,0
3604,0
8601,1
6869,1
1525,0
3931,0
3722,0
172,0
587,0
5700,1
7813,1
6788,1
4099,0
7420,1
5810,1
1547,0
3452,0
4823,0
4089,0
1241,0
8140,1
7565,1
3500,1
6112,1
4583,0
3188,0
8527,1
624,0
6560,1
1145,0
7802,1
8023,1
5728,1
5534,1
7030,1
1157,0
740,0
7545,1
1198,0
1048,0
6712,1
1124,0
4247,0
1194,0
3339,0
5308,1
2966,0
4713,1
8556,1
282,0
7163,1
2522,1
1460,0
8456,1
8275,1
4959,0
2494,0
4220,0
6017,1
3375,0
3156,0
5468,1
1345,1
8072,1
5392,1
2228,0
8003,1
1165,0
408,0
1535,0
3925,1
6798,1
8184,1
2185,0
3640,0
8569,1
6557,1
4473,0
6672,1
7544,1
2634,0
6490,1
6141,1
7495,1
3064,0
8396,1
4033,1
519,0
2020,0
4398,0
7477,1
8299,1
37,0
4651,0
8185,1
2146,0
2444,1
8575,1
5109,1
4761,0
1934,1
4694,0
7600,1
3669,0
2902,1
7688,1
868,0
2714,1
459,0
3322,0
521,0
2900,0
8141,1
4258,0
5634,1
3414,1
414,0
1627,0
286,0
7236,1
5597,1
8065,1
5525,1
241,0
1802,0
1162,0
453,0
1821,1
140,0
5724,1
7031,1
674,0
5165,0
1236,0
1151,0
542,0
4354,1
1484,0
55,0
422,0
4057,1
2200,1
2635,0
4510,0
1646,0
6903,1
954,0
3402,0
8329,1
2000,0
7947,1
5347,1
7765,1
6121,1
1181,0
6665,1
5081,1
1465,0
7399,1
106,0
8290,1
4259,0
6536,1
2472,0
6978,1
2830,0
1526,0
802,1
1505,1
3939,0
281,0
4386,0
7951,1
7201,1
135,0
5741,1
5652,1
4376,0
4695,0
1924,0
4902,0
1808,0
1076,0
5357,1
3599,0
8543,1
5124,1
7889,1
6239,1
175,1
5838,1
4738,0
2626,0
223,0
78,0
4420,0
3896,1
1541,0
4558,0
2993,0
3302,0
1931,0
3603,0
8223,1
5336,1
6537,1
8304,1
8160,1
376,0
7376,1
1264,0
4587,1
3959,0
7634,1
3424,0
88,0
3046,1
7782,1
8538,1
3809,0
2934,0
5169,0
3207,0
448,0
8249,1
7843,1
8,0
2105,0
1202,0
5766,1
8257,1
6163,1
5849,1
6728,1
5938,1
676,0
6840,1
2459,0
4085,0
6447,1
5011,0
526,1
3052,0
3199,0
4817,0
6980,1
6973,1
7124,1
5529,1
8471,1
1874,0
8334,1
3579,0
8554,1
4599,0
5401,1
6122,1
6752,1
2193,0
8227,1
2935,0
4098,0
7346,1
3714,1
5840,1
3712,0
7045,1
4090,0
5506,1
5187,0
7478,1
7698,1
3797,0
2292,0
7890,1
4700,1
2888,0
4674,0
7795,1
5451,1
240,0
6902,1
5201,1
1656,0
6267,1
274,0
2392,1
8051,1
8353,1
2103,0
205,1
907,0
7289,1
4261,0
8243,1
1210,0
3489,0
4788,0
4163,0
5706,1
6540,1
83,0
57,0
6862,1
1349,0
1021,0
6813,1
7333,1
1752,1
7638,1
4277,0
1857,0
7083,1
8540,1
4837,1
2225,1
3458,0
4053,1
1709,1
8192,1
2651,1
4676,0
7516,1
962,0
8313,1
6449,1
5608,1
1634,0
3259,1
1870,0
6614,1
1965,0
6667,1
4890,0
1695,0
7531,1
5989,1
1830,0
359,0
2991,0
2817,0
367,0
3487,0
2043,0
7453,1
6572,1
6227,1
6933,1
2553,1
4912,0
3542,0
7060,1
2,0
1925,0
933,0
1985,0
747,0
7226,1
3756,0
8032,1
531,0
1937,1
2248,0
3470,0
391,0
3140,0
1307,0
3791,1
6034,1
572,0
5140,0
3878,0
2956,0
1730,0
5399,1
2172,1
6031,1
3067,0
3981,0
3601,0
1647,1
3664,1
4984,0
3834,0
5348,1
4136,1
3055,0
3862,0
5034,0
848,1
1631,1
5871,1
1184,0
3102,0
7460,1
8481,1
3162,0
5060,0
8529,1
5883,1
4001,0
2365,0
1641,0
5596,1
5339,1
2037,0
2462,1
1528,0
3079,0
7355,1
6683,1
5459,1
2920,0
7537,1
5711,1
3434,0
4492,1
7448,1
51,0
3262,1
5919,1
2293,1
3173,0
4790,0
2575,0
1560,0
201,0
4297,0
3786,0
8413,1
6736,1
6416,1
4092,0
7897,1
3970,1
1876,0
5935,1
1958,0
7528,1
2021,0
3088,1
8274,1
6395,1
1718,0
6770,1
8068,1
4765,0
456,0
1550,0
8548,1
3623,0
1976,0
4198,0
1911,0
4256,0
7731,1
4500,1
7457,1
8342,1
6188,1
2278,1
6356,1
2165,0
2410,0
4224,1
6599,1
2844,0
3271,0
4034,0
2449,0
4494,0
6438,1
6079,1
2387,0
3315,0
3359,0
7028,1
8487,1
6714,1
6803,1
8108,1
6443,1
5416,1
6457,1
4879,0
6808,1
5035,0
1826,1
695,0
2385,0
1921,1
2618,1
2860,0
8518,1
3486,1
6148,1
6641,1
3634,0
300,0
8541,1
2065,1
5259,0
7753,1
4580,0
5039,0
2421,0
7467,1
2936,0
7579,1
7882,1
7945,1
2944,0
1787,0
2527,0
4606,0
2224,0
7276,1
516,0
8193,1
5736,1
6638,1
1682,0
7174,1
4291,0
5602,1
7459,1
3728,0
1517,0
8098,1
6506,1
8568,1
2466,0
7435,1
109,0
2447,0
8549,1
1951,0
4921,0
3946,0
3976,1
6224,1
699,0
4105,0
3800,0
6319,1
3741,0
1950,0
4755,0
8159,1
1601,0
1214,0
3444,0
1862,0
1267,1
7744,1
534,0
3591,1
8470,1
5321,1
1444,0
6787,1
2854,0
1149,0
2212,0
4229,0
6654,1
507,0
7020,1
754,0
6887,1
932,0
3526,0
8560,1
3592,0
7956,1
1928,0
1359,0
7205,1
636,0
592,0
1562,1
8532,1
4188,0
688,0
6937,1
6580,1
1946,0
1910,0
8110,1
3600,0
5464,1
90,0
4996,0
5598,1
1350,0
2110,1
1081,1
5672,1
4847,0
3364,0
1803,0
99,0
7630,1
2435,0
4521,1
3093,0
442,0
5762,1
1919,0
2670,1
3136,0
4641,0
705,0
5403,1
6711,1
5328,1
930,1
877,1
4094,0
3186,0
2170,0
144,0
7064,1
7815,1
4429,1
8232,1
6196,1
6805,1
5271,0
8164,1
4137,0
4908,1
7547,1
1575,1
2262,1
2745,1
786,0
1339,0
6917,1
5827,1
8466,1
8358,1
3942,0
2729,1
1585,0
3614,0
5220,1
4882,0
3291,1
2267,0
460,0
1960,0
829,1
342,0
1406,0
619,0
8221,1
1899,0
1885,0
377,0
291,1
7314,1
5873,1
2222,0
2608,0
570,0
810,1
6100,1
3277,0
4647,0
5473,1
2393,0
2836,0
4327,0
1782,0
6297,1
3491,0
1763,0
5517,1
3686,0
7063,1
5940,1
5418,1
8530,1
2052,0
3035,0
23,0
3373,1
3924,0
2784,0
6442,1
3027,0
4145,0
2994,1
1297,0
4563,0
4876,0
5947,1
5859,1
480,0
3823,1
6764,1
2887,0
27,0
1348,0
5337,1
1357,0
3897,0
1311,0
6070,1
7746,1
2223,0
6068,1
8196,1
7539,1
7133,1
567,0
3437,0
2588,0
6946,1
1190,1
3440,0
1487,1
3303,0
5106,0
5907,1
4945,0
788,0
8100,1
1716,0
4381,0
8482,1
7222,1
1141,0
7701,1
1197,0
2171,0
7982,1
3841,0
3871,0
3003,0
4106,0
2777,0
6685,1
5359,1
6692,1
7330,1
1419,0
1904,0
4928,0
782,0
4958,0
3767,0
4988,0
5561,1
8359,1
7328,1
6312,1
5055,0
6244,1
1977,1
6807,1
6841,1
2239,0
5070,0
6867,1
1687,1
1679,1
5334,1
3840,0
2643,0
4434,0
1393,0
7733,1
3218,0
2489,1
6570,1
2192,0
7295,1
1614,0
5120,0
760,0
1056,0
1944,0
3267,1
6223,1
4017,1
6613,1
490,0
3781,0
1470,0
2379,0
5136,0
3717,0
2408,1
3465,0
4799,1
3349,0
8414,1
5211,0
4266,1
272,0
7002,1
7243,1
2130,1
2372,1
6563,1
1163,0
1858,1
1705,0
8386,1
6200,1
17,0
5207,0
7835,1
4203,0
5996,1
4065,1
2584,0
6380,1
1735,1
7666,1
5527,1
6413,1
4433,0
7525,1
4365,1
7128,1
461,0
2122,0
6203,1
2452,0
8402,1
492,0
6715,1
1192,1
8368,1
7749,1
1431,0
739,0
70,0
6155,1
3835,0
7182,1
1816,0
2275,0
4419,0
6128,1
3086,0
2074,0
6303,1
8031,1
6671,1
5384,1
5987,1
6386,1
6871,1
3,0
8523,1
5121,0
7245,1
4973,0
4566,1
3451,0
3469,0
71,0
2623,0
8089,1
8062,1
505,1
7806,1
3565,1
4307,0
4534,0
3119,0
22,0
6763,1
8410,1
3425,0
4113,1
7647,1
1835,0
2329,0
5984,1
4609,0
7650,1
1948,1
7406,1
2402,0
5268,0
625,0
3926,0
1776,0
6631,1
7526,1
8536,1
894,0
4897,0
4072,1
363,0
5221,1
1935,0
8331,1
199,0
5808,1
8137,1
864,0
8395,1
6670,1
3309,1
3058,0
8609,1
3166,1
5976,1
6428,1
3135,0
4461,0
5761,1
7639,1
1539,0
430,1
3693,0
3017,0
6043,1
7677,1
496,0
2268,1
8013,1
7920,1
2757,0
869,0
8499,1
1978,0
7452,1
873,0
5986,1
4635,0
690,0
3707,0
4851,1
6479,1
2480,0
1686,0
6346,1
1836,0
4885,0
5350,1
2866,0
3750,0
7101,1
3313,0
5805,1
5895,1
6914,1
4436,0
8047,1
232,0
4758,0
6040,1
8266,1
341,1
908,1
3204,1
4039,0
3545,1
1367,0
5641,1
2302,0
5166,0
6088,1
1966,0
3355,0
8354,1
82,0
5184,0
677,0
2027,0
1861,1
6819,1
7938,1
5863,1
2513,1
8048,1
6127,1
6775,1
1992,0
3539,0
7261,1
5235,0
7301,1
2712,1
622,0
5651,1
2793,0
4474,0
4864,0
4334,0
2169,0
5604,1
7918,1
5158,0
1494,0
6049,1
703,0
6609,1
5543,1
8586,1
5494,1
5015,0
5046,0
3899,1
2741,0
5571,1
1507,0
4602,0
389,0
762,1
3708,0
2884,0
329,1
2397,0
7703,1
1789,1
5373,1
821,0
5957,1
3943,0
5257,0
6084,1
6884,1
581,0
1104,0
5000,0
5307,0
2080,0
1439,1
1684,1
1558,1
4310,0
2533,0
6792,1
2856,0
4454,0
6703,1
416,0
3796,1
1602,0
3356,0
7870,1
4692,1
4501,0
8036,1
2495,0
3866,0
60,0
2255,0
7894,1
4985,0
1118,0
5550,1
7958,1
4104,0
5845,1
5921,1
7310,1
713,0
7099,1
3561,0
7527,1
6948,1
1258,0
3881,1
936,0
455,0
538,0
268,0
7231,1
5410,1
4861,0
545,0
3331,0
6262,1
7722,1
8351,1
6318,1
4496,0
6392,1
1524,0
7239,1
2023,1
126,0
2201,0
7699,1
5016,0
7636,1
4731,0
3132,0
2578,0
3860,0
4321,0
1649,0
7095,1
6857,1
2483,0
8224,1
7887,1
6182,1
6173,1
8006,1
5325,1
2880,0
3367,0
2819,0
180,0
2871,1
1282,0
2046,0
4360,0
2174,1
3892,0
3963,0
4756,0
3665,1
4591,0
4201,1
5746,1
3306,0
922,0
4007,0
6546,1
5616,1
2557,0
3121,0
7554,1
1326,0
3273,1
2778,0
2751,0
2917,1
6085,1
1100,0
6688,1
7391,1
687,0
2599,0
7790,1
4703,0
5880,1
6582,1
3092,0
4904,0
4636,0
6139,1
4028,1
5397,1
2625,1
8281,1
7424,1
7864,1
2446,0
113,0
1235,0
7454,1
7908,1
191,0
8370,1
3839,1
2341,0
5255,1
2945,0
5594,1
16,0
3295,0
7384,1
4344,1
3261,1
6733,1
4166,0
6943,1
2747,1
1557,0
2159,0
1755,1
4976,0
5353,1
1759,0
4867,0
2425,0
2999,0
4050,1
672,0
4610,0
7793,1
2654,0
6477,1
7294,1
1662,0
1128,0
7427,1
3937,0
6086,1
2289,1
3940,0
3078,0
7229,1
5182,0
7087,1
8206,1
6309,1
1543,0
3622,0
7568,1
5722,1
3084,0
6583,1
3358,0
5533,1
2490,0
4550,0
6621,1
7249,1
8325,1
7187,1
3101,0
4982,0
5971,1
3573,1
7207,1
881,1
3875,0
2543,0
2838,0
7341,1
5009,0
8102,1
1594,0
7587,1
1639,1
544,0
5338,1
6895,1
1771,0
3054,0
639,0
2512,1
8113,1
2191,0
6382,1
6773,1
924,1
2878,0
8142,1
4343,1
2621,0
1132,0
6481,1
6483,1
6115,1
604,0
6052,1
6962,1
6359,1
6566,1
6364,1
3026,1
1891,0
454,0
3393,0
5747,1
4451,0
1305,0
5088,0
757,0
3082,0
5421,1
194,0
5306,0
4951,0
3365,0
731,0
1795,0
5660,1
5189,0
7280,1
4421,0
7044,1
612,0
3574,0
5461,1
5731,1
4355,1
4718,1
441,1
2843,0
8473,1
4538,0
6701,1
2947,0
5530,1
1675,0
1731,0
2622,1
8611,1
5650,1
8121,1
6802,1
3287,0
8209,1
2563,0
4671,0
3512,1
1230,1
5879,1
763,0
1452,0
4231,0
1514,0
7244,1
1994,0
4648,0
5318,1
5342,1
7233,1
4486,0
4173,0
7661,1
6202,1
424,0
1401,0
2528,1
6640,1
7799,1
4004,1
1343,0
5484,1
4184,0
8515,1
1996,0
4862,0
3956,0
321,0
1510,0
979,0
3997,0
3505,0
3387,0
8463,1
4142,0
5206,0
1669,1
2541,1
2863,0
2241,0
8591,1
3700,0
3914,1
1902,0
7569,1
2587,1
438,1
6284,1
1222,0
1111,0
262,0
6027,1
5474,1
2521,0
2709,0
8534,1
7224,1
7913,1
5036,0
4626,0
1329,0
7992,1
6578,1
3258,0
1153,0
6087,1
950,0
4455,0
3316,0
8447,1
7950,1
8563,1
1389,0
7750,1
8172,1
4507,0
7147,1
6628,1
1442,1
4939,0
2624,0
837,0
3971,0
588,0
6113,1
2338,0
4309,0
1382,0
3252,0
8028,1
2428,0
4195,1
1159,0
7344,1
6077,1
6648,1
6740,1
8620,1
39,0
6484,1
1847,0
7985,1
1092,0
3325,0
2894,0
1363,0
3481,0
111,0
6368,1
942,0
5664,1
4169,0
4143,0
6782,1
6257,1
96,0
5857,1
7382,1
7763,1
5218,0
1346,0
3582,1
